spectrum_id,scan_number,precursor_mz,precursor_charge,targets,predictions_official,pass_20ppm_recomputed_official,predictions_finetuned,pass_20ppm_recomputed_finetuned
MP_CT17052024_HP_29_11_1_120mins_DDA01:11083,11083,689.828625485301,2,GNFGTAWQNQQK,GNFGTAWQNQQK,True,GNFGTAWQNQQK,True
MP_CT17052024_HP_29_11_1_120mins_DDA01:18483,18483,612.805249020457,2,VVGQLGQVLGPR,VVGQLGQVLGPR,False,VVGQLGQVLGPR,False
MP_CT17052024_HP_29_11_1_120mins_DDA01:21713,21713,590.847058102489,2,AHVAGIAMGLIK,AHVAGIAMGLLK,True,AHVAGIAMGLLK,True
MP_CT17052024_HP_29_11_1_120mins_DDA01:25332,25332,632.826428219676,2,DGSVVVLGFTDR,DGSVVVLGFTDR,True,DGSVVVIGFTDR,True
MP_CT17052024_HP_29_11_1_120mins_DDA01:27439,27439,774.908459469676,2,VQLVGDDLFVTNTK,GQLVDGLEFVTNTK,False,VQLVGDDLFVTNTK,True
MP_CT17052024_HP_29_11_1_120mins_DDA01:2782,2782,411.72739867866,2,VGGVATYR,VGGVATYR,True,VGGVATYR,True
MP_CT17052024_HP_29_11_1_120mins_DDA01:29051,29051,844.440502926707,2,GIELDENSIIDTQIK,AVELDESNLLDTQLK,True,AVELDESNILDTQLK,True
MP_CT17052024_HP_29_11_1_120mins_DDA01:34915,34915,848.982312008739,2,EVGTIDILVNNAGIIR,EVGTLDLLVC[UNIMOD:4]LLVPR,True,EVGTIDLLVQMLLPR,True
MP_CT17052024_HP_29_11_1_120mins_DDA01:37434,37434,953.483471676707,2,IDELM[UNIMOD:35]AAVDSYIPTPVR,GDVEEVAGEFWIPTPVR,False,VGEFPAAGLESYIPTPVR,False
MP_CT17052024_HP_29_11_1_120mins_DDA01:39593,39593,595.344860836864,3,VPTLDVSVVDLTVNLAK,VPTLDVSVVDLTVNLAK,True,VPTLDVSVVDLTVNLAK,True
MP_CT18052024_UT_22_23_02_2_120mins_DDA01:13838,13838,593.328381344676,2,VVDALGNPVDGK,VVDALGNPVDGK,False,VVDALGNPVDGK,False
MP_CT18052024_UT_22_23_02_2_120mins_DDA01:14244,14244,676.67011718452,3,IFTLHADHEQNASTSTVR,IFTIHADHEQNASTSTVR,True,IFTIHADHEQNASTSTVR,True
MP_CT18052024_UT_22_23_02_2_120mins_DDA01:15764,15764,522.958081051707,3,ATGQLGQSHLLSQVK,ATGQLGQSHLLSQVK,True,ATGQLGQSHLLSQVK,True
MP_CT18052024_UT_22_23_02_2_120mins_DDA01:18915,18915,831.887951657176,2,VAMVYGQMNEPPGNR,VAMVYGQMNEPGPNR,True,VAMVYGQMNEPGPNR,True
MP_CT18052024_UT_22_23_02_2_120mins_DDA01:19249,19249,814.346020504832,2,DNTPGC[UNIMOD:4]TTEAMQFR,NDTPGC[UNIMOD:4]TTEAMFQR,True,NDTPGC[UNIMOD:4]TTEAMFQR,True
MP_CT18052024_UT_22_23_02_2_120mins_DDA01:19909,19909,559.816540524364,2,IAQAVSAMLSK,LAQAVSAMLSK,True,LAQAVSAMISK,True
MP_CT18052024_UT_22_23_02_2_120mins_DDA01:2,2,396.20786742866,2,VC[UNIMOD:4]QVTGK,VC[UNIMOD:4]QVTGK,True,VC[UNIMOD:4]QVTGK,True
MP_CT18052024_UT_22_23_02_2_120mins_DDA01:21154,21154,716.33613280952,2,NEGTVVSVSDGIVR,AEGTVVSVSDVLGR,False,GEGTVVSVSDVLGR,False
MP_CT18052024_UT_22_23_02_2_120mins_DDA01:21312,21312,620.305249020457,2,ALMQYDETLR,ALMQYDETLR,True,ALMQYDETLR,True
MP_CT18052024_UT_22_23_02_2_120mins_DDA01:21616,21616,565.759167477489,2,DGTSFDIYGR,N[UNIMOD:7]GTSFDIYGR,True,DGTSFDIYGR,True
MP_CT18052024_UT_22_23_02_2_120mins_DDA01:22195,22195,742.862377926707,2,HIYVGFDGTQYGK,IDESGEEVYWEK,False,IDESGEEVYWEK,False
MP_CT18052024_UT_22_23_02_2_120mins_DDA01:22785,22785,744.380505368114,2,NVVVVGTQWGDEGK,NVVVVSAQWDENK,True,NVVVVGTQWDENK,True
MP_CT18052024_UT_22_23_02_2_120mins_DDA01:23913,23913,723.376477047801,2,ISAVANEAAMEAIR,VTAVANEAAALMER,True,VTAVANEAAAMLER,True
MP_CT18052024_UT_22_23_02_2_120mins_DDA01:2404,2404,498.243206784129,2,IGSDAYNQK,LGSDAYNQK,True,LGSDAYNQK,True
MP_CT18052024_UT_22_23_02_2_120mins_DDA01:24372,24372,527.792126461864,2,SPIIGTFYR,SPLLGTFYR,True,SPLLGTFYR,True
MP_CT18052024_UT_22_23_02_2_120mins_DDA01:24490,24490,500.295574948192,2,AGDIAAAIGLK,AGDIAAALGLK,True,AGDIAAALGLK,True
MP_CT18052024_UT_22_23_02_2_120mins_DDA01:24720,24720,498.920330807567,3,YIELYEHITGEK,YIELYEHLTGEK,True,YIELYEHITGEK,True
MP_CT18052024_UT_22_23_02_2_120mins_DDA01:25085,25085,796.426281735301,2,VFIVTGGASGLGEGTAR,VFLVTGGASGIGEATGR,True,VFIVTGGASGIGETAGR,True
MP_CT18052024_UT_22_23_02_2_120mins_DDA01:25384,25384,787.925183102489,2,GETQALVVTTLGTER,ADTQALVVTTLWEK,True,ADTQALVVTTLWEK,True
MP_CT18052024_UT_22_23_02_2_120mins_DDA01:25788,25788,809.365734860301,2,DTTVTTC[UNIMOD:4]TGVEMFR,DTVTTTC[UNIMOD:4]TGVEMFR,True,DTVTTTC[UNIMOD:4]TGVEMFR,True
MP_CT18052024_UT_22_23_02_2_120mins_DDA01:27962,27962,615.283276364207,2,YDDNFMAVVR,YDDNFMAVVR,True,YDDNFMAVVR,True
MP_CT18052024_UT_22_23_02_2_120mins_DDA01:28181,28181,670.388745114207,2,LQLDAAQLQALR,IQIVEINAGGLGR,True,IQIVEINAGGLGR,True
MP_CT18052024_UT_22_23_02_2_120mins_DDA01:2834,2834,529.74482421577,2,IDNM[UNIMOD:35]ATSYK,LDNM[UNIMOD:35]ATSYK,True,IDNM[UNIMOD:35]ATSYK,True
MP_CT18052024_UT_22_23_02_2_120mins_DDA01:29047,29047,615.840954586864,2,EFVEPLAAINK,EFVQ[UNIMOD:7]PLAALNK,True,EFVEPIAALNK,True
MP_CT18052024_UT_22_23_02_2_120mins_DDA01:29478,29478,663.316540524364,2,GGFSTNPYVIIR,GGFSTNPYVIIR,False,GGFSTNPYVIIR,False
MP_CT18052024_UT_22_23_02_2_120mins_DDA01:31903,31903,424.575176998973,3,IGTIADLIHYR,IGTLADLIHYR,True,IGTIADLIHYR,True
MP_CT18052024_UT_22_23_02_2_120mins_DDA01:33990,33990,862.401501461864,2,LYEPEEENPMLGFR,YLEPEEENPMLGFR,True,YIEPEEENPMLGFR,True
MP_CT18052024_UT_22_23_02_2_120mins_DDA01:37549,37549,636.365063473582,2,EDVTNIILNLK,EDVTNLLLNLK,True,EDVTNILLNLK,True
MP_CT18052024_UT_22_23_02_2_120mins_DDA01:37669,37669,607.835766598582,2,ENVEALIADLK,ENVEALLADLK,True,ENVEALLADLK,True
MP_CT18052024_UT_22_23_02_2_120mins_DDA01:38360,38360,654.346325680614,2,LDLDALSYELR,IDLDAIYSELR,True,LDLDALSYELR,True
MP_CT18052024_UT_22_23_02_2_120mins_DDA01:38760,38760,707.371105954051,2,VFYDAIDIIESK,VFYDALDILESK,True,VFYDALDILESK,True
MP_CT18052024_UT_22_23_02_2_120mins_DDA01:39013,39013,750.88154296577,2,GYATATDLADYLVK,GFSTATDLADYLVK,True,GFSTATDLADYIVK,True
MP_CT18052024_UT_22_23_02_2_120mins_DDA01:39455,39455,594.638256832957,3,NELTAINQYFLHYR,NEITALNGAYFIHYR,True,NEITALNGAYFIHYR,True
MP_CT18052024_UT_22_23_02_2_120mins_DDA01:39615,39615,610.830456539989,2,DSILEAAFGGIK,DSLLEAAFGGIK,True,DSILEAAFGGIK,True
MP_CT18052024_UT_22_23_02_2_120mins_DDA01:39719,39719,881.983349606395,2,GQTGQQLLLGAYSALSR,GQTGQQLLLGAYSALSR,True,GQTGQQLLLGAYSAISR,True
MP_CT18052024_UT_22_23_02_2_120mins_DDA01:40092,40092,687.382580563426,2,VGFVGGMDIPLIR,VGFVGGMDIPILR,True,VGFVGGMDLPLIR,True
MP_CT18052024_UT_22_23_02_2_120mins_DDA01:40430,40430,764.442700192332,2,LGIQAFEPILIEGK,LGIQAFEPLLLEGK,True,LGIQAFEPILLEGK,True
MP_CT18052024_UT_22_23_02_2_120mins_DDA01:42909,42909,834.426037594676,2,TLPMFNEALTFVER,TIPMFNAEGSVNIFK,True,TIPMFNAEGSVGGIFK,True
MP_CT18052024_UT_22_23_02_2_120mins_DDA01:43459,43459,1020.020886227489,2,MNIFVGSLPFSIEEADLR,INLFLGSLPSEFALEDIR,False,INLFLGSLPSAEFLEDIR,False
MP_CT18052024_UT_22_23_02_2_120mins_DDA01:43690,43690,785.932080075145,2,LLPWIDGLLDASEK,LLPWLDGLLDASEK,True,LLPWLDGLLDASEK,True
MP_CT18052024_UT_22_23_02_2_120mins_DDA01:634,634,475.227276608348,3,TQDATHGNSLSHR,TQDATHGNSLSHR,True,TQDATHGNSLSHR,True
MP_CT18052024_UT_22_23_02_2_120mins_DDA01:6399,6399,527.79951171577,2,DHTTLVAAVK,DHTTIVAAVK,True,DHTTIVAAVK,True
MP_CT18052024_UT_22_23_02_2_120mins_DDA01:7364,7364,563.79658202827,2,LNDLSPAPGSR,LNDLSPAPGSR,True,LNDLSPAPGSR,True
MP_CT18052024_UT_22_23_02_2_120mins_DDA01:7819,7819,660.808850094676,2,VTVAHPDQVEVK,SLGESNPVC[UNIMOD:4]TEK,True,SLGESNPVC[UNIMOD:4]TEK,True
MP_CT18052024_UT_5_12_2_120mins_DDA01:13347,13347,453.566998288035,3,LHGQAEAGYWVK,LHANAEAGYWVK,True,LHANAEAGYWVK,True
MP_CT18052024_UT_5_12_2_120mins_DDA01:15747,15747,594.260388180614,2,STC[UNIMOD:4]TGVEMFR,STC[UNIMOD:4]TGVEMFR,True,STC[UNIMOD:4]TGVEMFR,True
MP_CT18052024_UT_5_12_2_120mins_DDA01:18923,18923,809.81123046577,2,DTYEC[UNIMOD:4]AC[UNIMOD:4]QWEEK,DTYEC[UNIMOD:4]AC[UNIMOD:4]QWEEK,True,DTYEC[UNIMOD:4]AC[UNIMOD:4]QWEEK,True
MP_CT18052024_UT_5_12_2_120mins_DDA01:19188,19188,639.346997067332,2,VYSEVIGNIQR,VYSEVLGQVQR,True,VYSEVLGNIQR,True
MP_CT18052024_UT_5_12_2_120mins_DDA01:19968,19968,587.81953124702,2,IDAGSVITGVDK,IDAGSVLTGVDK,True,IDAGSVLTGVDK,True
MP_CT18052024_UT_5_12_2_120mins_DDA01:20789,20789,723.86835937202,2,TTDVTGSIELPADK,TTDVTGTVELPEGK,True,TTDVTGSIELPEGK,True
MP_CT18052024_UT_5_12_2_120mins_DDA01:25223,25223,897.95771484077,2,ALILC[UNIMOD:4]SPSNPTGSVYSK,ALLLC[UNIMOD:4]SPNSPTSGVYSK,True,ALLLC[UNIMOD:4]SPNSPTSGVYSK,True
MP_CT18052024_UT_5_12_2_120mins_DDA01:25919,25919,644.810437008739,2,DGDTITVEPWR,DGDTITVEPWR,True,DGDTITVEPWR,True
MP_CT18052024_UT_5_12_2_120mins_DDA01:28476,28476,630.353466793895,2,GTFVINPDGVIK,GTFVINPN[UNIMOD:7]GVIK,True,GTFVINPDGVIK,True
MP_CT18052024_UT_5_12_2_120mins_DDA01:30215,30215,652.984143063426,2,AVEIGYDILQGK,GVEIGYDLLQGK,False,GVEIGYDLLQGK,False
MP_CT18052024_UT_5_12_2_120mins_DDA01:31681,31681,1029.986279293895,2,ELGESMGNLYIAQGQYER,VGKELVGTQYLAQGQYER,False,SIGSGELGTQYLAQGQYER,False
MP_CT18052024_UT_5_12_2_120mins_DDA01:31713,31713,787.937634274364,2,VAIVGASGAVGQEFLR,VALVGASGAVGQEFLR,True,VAIVGASGAVGQEFLR,True
MP_CT18052024_UT_5_12_2_120mins_DDA01:33102,33102,612.371533200145,2,AIGLVIPELNGK,ALGLVIPELNGK,True,ALGLVIPELNGK,True
MP_CT18052024_UT_5_12_2_120mins_DDA01:35647,35647,483.579632565379,3,GDFAHEVFAEVVK,GDFAHEVFAEVVK,True,GDFAHEVFAEVVK,True
MP_CT18052024_UT_5_12_2_120mins_DDA01:35715,35715,829.420056149364,2,AFVFPGQGAQFVGM[UNIMOD:35]GK,AFVFPGQGSQFVGMGK,True,AFVFPGQGSQFVGMGK,True
MP_CT18052024_UT_5_12_2_120mins_DDA01:36010,36010,801.451245114207,2,GNIGVTTENIFPVIK,GNIGVTTENIFPVIK,True,GNIGVTTENIFPVIK,True
MP_CT18052024_UT_5_12_2_120mins_DDA01:37354,37354,637.373425289989,2,STIIEQIAATVK,STLLEQLAASLK,True,STLIEQLAASLK,True
MP_CT18052024_UT_5_12_2_120mins_DDA01:38335,38335,672.988110348582,2,GLVGAIEAADAMVK,GLVGAIEAADAMVK,False,GLVGAIEAADAMVK,False
MP_CT18052024_UT_5_12_2_120mins_DDA01:39019,39019,779.402111813426,2,IYSGGLGMLAGDYLK,IYSGGLGLMAGDYIK,True,IYSGGLGPFAGDYIK,True
MP_CT18052024_UT_5_12_2_120mins_DDA01:39227,39227,1041.054272457957,2,ETLLLGPNC[UNIMOD:4]PGLITPDEIK,ETLLLGLDDPGLLTPEDLK,False,ETLLLGLDDPGLITPEEVK,False
MP_CT18052024_UT_5_12_2_120mins_DDA01:39386,39386,945.915661618114,2,AGYEFGDYGLYTFGSDK,AGYEFGDYGLYTFGSDK,True,AGYEFGDYGLYTFGSDK,True
MP_CT18052024_UT_5_12_2_120mins_DDA01:39573,39573,735.369274899364,3,EVLLSIEDIYNQHPEFEK,EVLLSLEDLYNQHPEFEK,True,EVILSIEDIYNQHPEFEK,True
MP_CT18052024_UT_5_12_2_120mins_DDA01:41078,41078,912.903820797801,2,DYLLTPDDWEDVGMR,GFGFLTPDDGESDIFAH,True,GFGFITPDDGSEDIFAH,True
MP_CT18052024_UT_5_12_2_120mins_DDA01:42897,42897,837.454846188426,2,IFMLDGLPNLQDLGK,LFMLDGLPNLQDLGK,True,IFMLDGLPNLQDLGK,True
